<?xml version="1.0" encoding="utf-8"?>
<AmazonEnvelope xmlns:xsi="http://www.w3.org/2001/XMLSchema-instance" xsi:noNamespaceSchemaLocation="amzn-envelope.xsd">
<Header>
  <DocumentVersion>1.01</DocumentVersion>
  <MerchantIdentifier/>
</Header>
<MessageType>Price</MessageType>
<Message>
  <MessageID>1</MessageID>
  <OperationType>Update</OperationType>
  <Price>
    <SKU>12189CW-135</SKU>
    <StandardPrice currency="USD">10.99</StandardPrice>
    <Sale>
      <StartDate>2019-10-10T00:00:00</StartDate>
      <EndDate>2020-01-10T00:00:00</EndDate>
      <SalePrice currency="USD">9.99</SalePrice>
    </Sale>
  </Price>
</Message>
</AmazonEnvelope>