<?xml version="1.0" encoding="UTF-8"?><AmazonEnvelope xmlns:xsi="http://www.w3.org/2001/XMLSchema-instance" xsi:noNamespaceSchemaLocation="amzn-envelope.xsd"><Header><DocumentVersion>1.01</DocumentVersion><MerchantIdentifier/></Header><MessageType>Price</MessageType><PurgeAndReplace>false</PurgeAndReplace><Message><MessageID>1</MessageID><OperationType>Update</OperationType><Price><SKU>41586-38</SKU><StandardPrice currency="USD">66.67</StandardPrice><Sale><StartDate>2023-05-17T00:00:00</StartDate><EndDate>2023-12-10T00:00:00</EndDate><SalePrice currency="USD">64.95</SalePrice><IsTaxable>true</IsTaxable></Sale><MinimumSellerAllowedPrice currency="USD">50.35</MinimumSellerAllowedPrice><MaximumSellerAllowedPrice currency="USD">119.46</MaximumSellerAllowedPrice><PricingAction>delete quantity_price</PricingAction></Price></Message></AmazonEnvelope>